cst_id,cst_key,cst_firstname,cst_lastname,cst_marital_status,cst_gndr,cst_create_date
1,CK-00001,John,Doe,Single,Male,2023-01-01
2,CK-00002,Jane,Smith,Married,Female,2023-01-02
3,CK-00003,Peter,Jones,Divorced,Male,2023-01-03
4,CK-00004,Alice,Williams,Married,Female,2023-01-04
5,CK-00005,Robert,Brown,Single,Male,2023-01-05
6,CK-00006,Emily,Davis,Married,Female,2023-01-06
7,CK-00007,Michael,Miller,Single,Male,2023-01-07
8,CK-00008,Sarah,Wilson,Married,Female,2023-01-08
9,CK-00009,David,Moore,Single,Male,2023-01-09
10,CK-00010,Laura,Taylor,Married,Female,2023-01-10
11,CK-00011,Chris,Anderson,Prefer Not to Say,Male,2023-01-11
12,CK-00012,Maria,Thomas,Single,Female,2023-01-12
13,CK-00013,Daniel,Jackson,Married,Male,2023-01-13
14,CK-00014,Jessica,White,Single,Female,2023-01-14
15,CK-00015,Matthew,Harris,Divorced,Male,2023-01-15
16,CK-00016,Ashley,Martin,Married,Female,2023-01-16
17,CK-00017,James,Garcia,Single,Male,2023-01-17
18,CK-00018,Nicole,Martinez,Married,Female,2023-01-18
19,CK-00019,Kevin,Robinson,Single,Male,2023-01-19
20,CK-00020,Elizabeth,Clark,Married,Female,2023-01-20
21,CK-00021,Joseph,Rodriguez,Single,Male,2023-01-21
22,CK-00022,Megan,Lewis,Married,Female,2023-01-22
23,CK-00023,Jason,Lee,Divorced,Male,2023-01-23
24,CK-00024,Kimberly,Walker,Single,Female,2023-01-24
25,CK-00025,Brandon,Hall,Married,Male,2023-01-25
26,CK-00026,Hannah,Allen,Single,Female,2023-01-26
27,CK-00027,Ryan,Young,Married,Male,2023-01-27
28,CK-00028,Melissa,Hernandez,Single,Female,2023-01-28
29,CK-00029,Scott,King,Divorced,Male,2023-01-29
30,CK-00030,Amanda,Wright,Married,Female,2023-01-30
31,CK-00031,Jeffrey,Lopez,Single,Male,2023-01-31
32,CK-00032,Stephanie,Hill,Married,Female,2023-02-01
33,CK-00033,Gary,Scott,Single,Male,2023-02-02
34,CK-00034,Michelle,Green,Married,Female,2023-02-03
35,CK-00035,Eric,Adams,Divorced,Male,2023-02-04
36,CK-00036,Christine,Baker,Single,Female,2023-02-05
37,CK-00037,Jonathan,Nelson,Married,Male,2023-02-06
38,CK-00038,Rebecca,Carter,Single,Female,2023-02-07
39,CK-00039,Stephen,Mitchell,Married,Male,2023-02-08
40,CK-00040,Sharon,Perez,Single,Female,2023-02-09
41,CK-00041,Larry,Roberts,Divorced,Male,2023-02-10
42,CK-00042,Cynthia,Turner,Married,Female,2023-02-11
43,CK-00043,Paul,Phillips,Single,Male,2023-02-12
44,CK-00044,Nancy,Campbell,Married,Female,2023-02-13
45,CK-00045,Ronald,Parker,Single,Male,2023-02-14
46,CK-00046,Sandra,Evans,Married,Female,2023-02-15
47,CK-00047,Timothy,Edwards,Divorced,Male,2023-02-16
48,CK-00048,Shirley,Collins,Single,Female,2023-02-17
49,CK-00049,Edward,Stewart,Married,Male,2023-02-18
50,CK-00050,Brenda,Sanchez,Single,Female,2023-02-19
51,CK-00051,Gregory,Morris,Married,Male,2023-02-20
52,CK-00052,Kathleen,Ramirez,Single,Female,2023-02-21
53,CK-00053,Raymond,Cook,Divorced,Male,2023-02-22
54,CK-00054,Pamela,Bell,Married,Female,2023-02-23
55,CK-00055,Dennis,Gonzales,Single,Male,2023-02-24
56,CK-00056,Debra,Cruz,Married,Female,2023-02-25
57,CK-00057,Jerry,Morgan,Single,Male,2023-02-26
58,CK-00058,Catherine,Rivera,Married,Female,2023-02-27
59,CK-00059,Kenneth,Cooper,Divorced,Male,2023-02-28
60,CK-00060,Anna,Howard,Single,Female,2023-03-01
61,CK-00061,Frank,Ward,Married,Male,2023-03-02
62,CK-00062,Christine,Torres,Single,Female,2023-03-03
63,CK-00063,Arthur,Peterson,Married,Male,2023-03-04
64,CK-00064,Helen,Gray,Single,Female,2023-03-05
65,CK-00065,Patrick,Ramirez,Divorced,Male,2023-03-06
66,CK-00066,Diane,James,Married,Female,2023-03-07
67,CK-00067,Louis,Flores,Single,Male,2023-03-08
68,CK-00068,Julie,Kelly,Married,Female,2023-03-09
69,CK-00069,Joe,Rogers,Single,Male,2023-03-10
70,CK-00070,Marilyn,Gomez,Married,Female,2023-03-11
71,CK-00071,Roger,Kim,Divorced,Male,2023-03-12
72,CK-00072,Joyce,Barnes,Single,Female,2023-03-13
73,CK-00073,Randy,Ross,Married,Male,2023-03-14
74,CK-00074,Andrea,Henderson,Single,Female,2023-03-15
75,CK-00075,George,Coleman,Married,Male,2023-03-16
76,CK-00076,Christina,Jenkins,Single,Female,2023-03-17
77,CK-00077,Henry,Perry,Divorced,Male,2023-03-18
78,CK-00078,Kathryn,Powell,Married,Female,2023-03-19
79,CK-00079,Samuel,Long,Single,Male,2023-03-20
80,CK-00080,Janet,Patterson,Married,Female,2023-03-21
81,CK-00081,Walter,Russell,Single,Male,2023-03-22
82,CK-00082,Kelly,Scott,Married,Female,2023-03-23
83,CK-00083,Jesse,Vasquez,Divorced,Male,2023-03-24
84,CK-00084,Beverly,Simmons,Single,Female,2023-03-25
85,CK-00085,Harold,Nguyen,Married,Male,2023-03-26
86,CK-00086,Denise,Rodriguez,Single,Female,2023-03-27
87,CK-00087,Louis,Bell,Married,Male,2023-03-28
88,CK-00088,Martha,Clark,Single,Female,2023-03-29
89,CK-00089,Willie,Lewis,Divorced,Male,2023-03-30
90,CK-00090,Evelyn,Lee,Married,Female,2023-03-31
91,CK-00091,Philip,Walker,Single,Male,2023-04-01
92,CK-00092,Carolyn,Hall,Married,Female,2023-04-02
93,CK-00093,Bobby,Allen,Single,Male,2023-04-03
94,CK-00094,Dorothy,Young,Married,Female,2023-04-04
95,CK-00095,Roger,Hernandez,Divorced,Male,2023-04-05
96,CK-00096,Marie,King,Single,Female,2023-04-06
97,CK-00097,Judy,Wright,Married,Male,2023-04-07
98,CK-00098,Ernest,Lopez,Single,Female,2023-04-08
99,CK-00099,Shirley,Hill,Married,Male,2023-04-09
100,CK-00100,Kenneth,Green,Single,Female,2023-04-10
101,CK-00101,Patricia,Adams,Married,Female,2023-04-11
102,CK-00102,Arthur,Stewart,Single,Male,2023-04-12
103,CK-00103,Amy,Clark,Widowed,Female,2023-04-13
104,CK-00104,Jose,Rodriguez,Married,Male,2023-04-14
105,CK-00105,Virginia,Lewis,Single,Female,2023-04-15
106,CK-00106,George,Lee,Married,Male,2023-04-16
107,CK-00107,Alice,Walker,Prefer Not to Say,Female,2023-04-17
108,CK-00108,Russell,Hall,Single,Male,2023-04-18
109,CK-00109,Theresa,Allen,Married,Female,2023-04-19
110,CK-00110,Frank,Young,Divorced,Male,2023-04-20
111,CK-00111,Brenda,Hernandez,Single,Female,2023-04-21
112,CK-00112,Edward,King,Married,Male,2023-04-22
113,CK-00113,Sharon,Wright,Single,Female,2023-04-23
114,CK-00114,Samuel,Lopez,Married,Male,2023-04-24
115,CK-00115,Deborah,Hill,Divorced,Female,2023-04-25
116,CK-00116,Stephen,Green,Single,Male,2023-04-26
117,CK-00117,Anna,Adams,Married,Female,2023-04-27
118,CK-00118,Ronald,Baker,Single,Male,2023-04-28
119,CK-00119,Cynthia,Nelson,Married,Female,2023-04-29
120,CK-00120,Timothy,Carter,Divorced,Male,2023-04-30
121,CK-00121,Elizabeth,Mitchell,Single,Female,2023-05-01
122,CK-00122,Jeffrey,Perez,Married,Male,2023-05-02
123,CK-00123,Pamela,Roberts,Single,Female,2023-05-03
124,CK-00124,Jerry,Turner,Married,Male,2023-05-04
125,CK-00125,Catherine,Phillips,Divorced,Female,2023-05-05
126,CK-00126,Dennis,Campbell,Single,Male,2023-05-06
127,CK-00127,Marilyn,Parker,Married,Female,2023-05-07
128,CK-00128,Walter,Evans,Single,Male,2023-05-08
129,CK-00129,Shirley,Edwards,Married,Female,2023-05-09
130,CK-00130,Henry,Collins,Divorced,Male,2023-05-10
131,CK-00131,Joyce,Stewart,Single,Female,2023-05-11
132,CK-00132,Roger,Sanchez,Married,Male,2023-05-12
133,CK-00133,Andrea,Morris,Single,Female,2023-05-13
134,CK-00134,Randy,Ramirez,Married,Male,2023-05-14
135,CK-00135,Juan,Cook,Divorced,Male,2023-05-15
136,CK-00136,Kelly,Bell,Single,Female,2023-05-16
137,CK-00137,Jesse,Gonzales,Married,Male,2023-05-17
138,CK-00138,Beverly,Cruz,Single,Female,2023-05-18
139,CK-00139,Harold,Morgan,Married,Male,2023-05-19
140,CK-00140,Denise,Rivera,Divorced,Female,2023-05-20
141,CK-00141,Louis,Cooper,Single,Male,2023-05-21
142,CK-00142,Martha,Howard,Married,Female,2023-05-22
143,CK-00143,Willie,Ward,Single,Male,2023-05-23
144,CK-00144,Evelyn,Torres,Married,Female,2023-05-24
145,CK-00145,Philip,Peterson,Divorced,Male,2023-05-25
146,CK-00146,Carolyn,Gray,Single,Female,2023-05-26
147,CK-00147,Bobby,James,Married,Male,2023-05-27
148,CK-00148,Dorothy,Flores,Single,Female,2023-05-28
149,CK-00149,Roger,Kelly,Married,Male,2023-05-29
150,CK-00150,Marie,Rogers,Divorced,Female,2023-05-30
151,CK-00151,Judy,Gomez,Single,Male,2023-05-31
152,CK-00152,Ernest,Kim,Married,Female,2023-06-01
153,CK-00153,Shirley,Barnes,Single,Male,2023-06-02
154,CK-00154,Kenneth,Ross,Married,Female,2023-06-03
155,CK-00155,Julie,Henderson,Divorced,Female,2023-06-04
156,CK-00156,Joe,Coleman,Single,Male,2023-06-05
157,CK-00157,Marilyn,Jenkins,Married,Female,2023-06-06
158,CK-00158,Randy,Perry,Single,Male,2023-06-07
159,CK-00159,Andrea,Powell,Married,Female,2023-06-08
160,CK-00160,George,Long,Divorced,Male,2023-06-09
161,CK-00161,Christina,Patterson,Single,Female,2023-06-10
162,CK-00162,Henry,Russell,Married,Male,2023-06-11
163,CK-00163,Kathryn,Scott,Single,Female,2023-06-12
164,CK-00164,Samuel,Vasquez,Married,Male,2023-06-13
165,CK-00165,Janet,Simmons,Divorced,Female,2023-06-14
166,CK-00166,Walter,Nguyen,Single,Male,2023-06-15
167,CK-00167,Kelly,Rodriguez,Married,Female,2023-06-16
168,CK-00168,Jesse,Bell,Single,Male,2023-06-17
169,CK-00169,Beverly,Clark,Married,Female,2023-06-18
170,CK-00170,Harold,Lewis,Divorced,Male,2023-06-19
171,CK-00171,Denise,Lee,Single,Female,2023-06-20
172,CK-00172,Louis,Walker,Married,Male,2023-06-21
173,CK-00173,Martha,Hall,Single,Female,2023-06-22
174,CK-00174,Willie,Allen,Married,Male,2023-06-23
175,CK-00175,Evelyn,Young,Divorced,Female,2023-06-24
176,CK-00176,Philip,Hernandez,Single,Male,2023-06-25
177,CK-00177,Carolyn,King,Married,Female,2023-06-26
178,CK-00178,Bobby,Wright,Single,Male,2023-06-27
179,CK-00179,Dorothy,Lopez,Married,Female,2023-06-28
180,CK-00180,Roger,Hill,Divorced,Male,2023-06-29
181,CK-00181,Marie,Green,Single,Female,2023-06-30
182,CK-00182,Judy,Adams,Married,Male,2023-07-01
183,CK-00183,Ernest,Baker,Single,Female,2023-07-02
184,CK-00184,Shirley,Nelson,Married,Male,2023-07-03
185,CK-00185,Kenneth,Carter,Divorced,Female,2023-07-04
186,CK-00186,Patricia,Mitchell,Single,Male,2023-07-05
187,CK-00187,Arthur,Perez,Married,Female,2023-07-06
188,CK-00188,Amy,Roberts,Single,Male,2023-07-07
189,CK-00189,Jose,Turner,Married,Female,2023-07-08
190,CK-00190,Virginia,Phillips,Divorced,Male,2023-07-09
191,CK-00191,George,Campbell,Single,Female,2023-07-10
192,CK-00192,Alice,Parker,Married,Male,2023-07-11
193,CK-00193,Russell,Evans,Single,Female,2023-07-12
194,CK-00194,Theresa,Edwards,Married,Male,2023-07-13
195,CK-00195,Frank,Collins,Divorced,Female,2023-07-14
196,CK-00196,Brenda,Stewart,Single,Male,2023-07-15
197,CK-00197,Edward,Sanchez,Married,Female,2023-07-16
198,CK-00198,Sharon,Morris,Single,Male,2023-07-17
199,CK-00199,Samuel,Ramirez,Married,Female,2023-07-18
200,CK-00200,Deborah,Cook,Prefer Not to Say,Non-Binary,2023-07-19